Nombre de la Empresa,Pais,Numero de Empleados,Facturacion Diaria (USD),Facturacion Semanal (USD),Facturacion Mensual (USD),Facturacion Trimestral (USD),Facturacion Anual (USD)
Tech Solutions,EE.UU.,250,50000,350000,1500000,4500000,18000000
Innovatech,Alemania,180,40000,280000,1200000,3600000,14400000
DataCorp,Canadá,300,60000,420000,1800000,5400000,21600000
Global Retail,México,500,80000,560000,2400000,7200000,28800000
PharmaLife,Reino Unido,200,55000,385000,1650000,4950000,19800000
EcoPower,Brasil,150,35000,245000,1050000,3150000,12600000
AutoTech, Japón,600,100000,700000,3000000,9000000,36000000
FoodMaster,Argentina,120,25000,175000,750000,2250000,9000000
SmartBank,Francia,400,90000,630000,2700000,8100000,32400000
HealthCare Inc.,España,350,75000,525000,2250000,6750000,27000000
GreenEnergy,Australia,220,45000,315000,1350000,4050000,16200000
Tech Innovators,India,280,48000,336000,1440000,4320000,17280000
Retail Giants,China,700,95000,665000,2850000,8550000,34200000
BioHealth,Italia,180,52000,364000,1560000,4680000,18720000
AgroCorp,Colombia,130,30000,210000,900000,2700000,10800000
FinTech Solutions,Suiza,350,85000,595000,2550000,7650000,30600000
EduTech,Chile,160,37000,259000,1110000,3330000,13320000
LogisticsPro,Corea del Sur,450,78000,546000,2340000,7020000,28080000
MedEquip,India,210,49000,343000,1470000,4410000,17640000
CleanWater,Perú,140,32000,224000,960000,2880000,11520000
SolarTech,España,190,47000,329000,1420000,4260000,17040000
AgriFoods,EE.UU.,230,53000,371000,1600000,4800000,19200000
UrbanTransport,Reino Unido,310,61000,427000,1840000,5520000,22080000
BioPharma,Francia,270,58000,406000,1750000,5250000,21000000
NextGen IT,Canadá,320,62000,434000,1860000,5580000,22320000
AutoMotive,Italia,400,88000,616000,2640000,7920000,31680000
HealthPlus,Australia,290,53000,371000,1600000,4800000,19200000
TechWave,India,310,60000,420000,1800000,5400000,21600000
RetailHub,China,750,98000,686000,2940000,8820000,35280000
GreenTech,EE.UU.,260,56000,392000,1680000,5040000,20160000
Foodies,España,180,47000,329000,1420000,4260000,17040000
EduWorld,Reino Unido,200,52000,364000,1560000,4680000,18720000
LogiTrans,Corea del Sur,480,81000,567000,2430000,7290000,29160000
TechWorld,EE.UU.,270,57000,399000,1710000,5130000,20520000
AgriTech,India,230,49000,343000,1470000,4410000,17640000
RetailExpress,China,800,102000,714000,3060000,9180000,36720000
HealthFirst,Australia,310,64000,448000,1920000,5760000,23040000
NextGen Retail,Reino Unido,350,68000,476000,2040000,6120000,24480000
EcoLife,España,200,50000,350000,1500000,4500000,18000000
TechSavvy,Francia,290,61000,427000,1840000,5520000,22080000
FoodiesPlus,Italia,210,48000,336000,1440000,4320000,17280000
GreenSolutions,Canadá,250,53000,371000,1600000,4800000,19200000
LogiTech,Corea del Sur,470,79000,553000,2370000,7110000,28440000
AutoWorld, Japón,650,105000,735000,3150000,9450000,37800000
HealthCarePlus,EE.UU.,300,62000,434000,1860000,5580000,22320000
RetailMasters,India,340,66000,462000,1980000,5940000,23760000
TechGlobal,China,720,97000,679000,2910000,8730000,34920000
AgriLife,Australia,260,54000,378000,1620000,4860000,19440000
FoodTech,Reino Unido,220,51000,357000,1530000,4590000,18360000
GreenEnergyPlus,España,240,55000,385000,1650000,4950000,19800000
LogiWorld,Francia,310,60000,420000,1800000,5400000,21600000
AutoMasters,Italia,380,87000,609000,2610000,7830000,31320000
HealthSolutions,Canadá,280,59000,413000,1770000,5310000,21240000
RetailPlus,Corea del Sur,490,82000,574000,2460000,7380000,29520000
TechInnovate, Japón,630,103000,721000,3090000,9270000,37080000
EcoTech,EE.UU.,290,61000,427000,1840000,5520000,22080000
FoodMasters,India,250,53000,371000,1600000,4800000,19200000
GreenLife,China,770,101000,707000,3030000,9090000,36360000
LogiPlus,Australia,320,65000,455000,1950000,5850000,23400000
AutoSavvy,Reino Unido,360,69000,483000,2070000,6210000,24840000
HealthTech,España,230,52000,364000,1560000,4680000,18720000
RetailWorld,Francia,300,62000,434000,1860000,5580000,22320000
AgriMasters,Italia,270,57000,399000,1710000,5130000,20520000
FoodSavvy,Canadá,260,54000,378000,1620000,4860000,19440000
GreenMasters,Corea del Sur,500,83000,581000,2490000,7470000,29880000
TechCorp,EE.UU.,280,59000,413000,1770000,5310000,21240000
AgriSolutions,India,240,51000,357000,1530000,4590000,18360000
RetailTech,China,850,104000,728000,3120000,9360000,37440000
HealthInnovate,Australia,330,66000,462000,1980000,5940000,23760000
NextGen Health,Reino Unido,370,70000,490000,2100000,6300000,25200000
EcoSolutions,España,220,52000,364000,1560000,4680000,18720000
TechMasters,Francia,300,62000,434000,1860000,5580000,22320000
FoodInnovate,Italia,230,50000,350000,1500000,4500000,18000000
GreenTechPlus,Canadá,260,54000,378000,1620000,4860000,19440000
LogiMasters,Corea del Sur,490,82000,574000,2460000,7380000,29520000
AutoInnovate, Japón,640,104000,728000,3120000,9360000,37440000
HealthGlobal,EE.UU.,310,64000,448000,1920000,5760000,23040000
RetailInnovate,India,350,68000,476000,2040000,6120000,24480000
TechPlus,China,740,99000,693000,2970000,8910000,35640000
AgriGlobal,Australia,270,57000,399000,1710000,5130000,20520000
FoodGlobal,Reino Unido,240,55000,385000,1650000,4950000,19800000
GreenInnovate,España,250,56000,392000,1680000,5040000,20160000
LogiGlobal,Francia,320,65000,455000,1950000,5850000,23400000
AutoGlobal,Italia,390,88000,616000,2640000,7920000,31680000
HealthMasters,Canadá,290,61000,427000,1840000,5520000,22080000
RetailGlobal,Corea del Sur,510,84000,588000,2520000,7560000,30240000
TechInnovators, Japón,660,106000,742000,3180000,9540000,38160000
EcoMasters,EE.UU.,300,62000,434000,1860000,5580000,22320000
FoodTechPlus,India,260,54000,378000,1620000,4860000,19440000
GreenLifePlus,China,780,102000,714000,3060000,9180000,36720000
LogiPlusTech,Australia,330,66000,462000,1980000,5940000,23760000
AutoSavvyPlus,Reino Unido,370,70000,490000,2100000,6300000,25200000
HealthTechPlus,España,240,55000,385000,1650000,4950000,19800000
RetailWorldPlus,Francia,310,62000,434000,1860000,5580000,22320000
AgriMastersPlus,Italia,280,59000,413000,1770000,5310000,21240000
FoodSavvyPlus,Canadá,270,57000,399000,1710000,5130000,20520000
GreenMastersPlus,Corea del Sur,520,85000,595000,2550000,7650000,30600000
TechCorpPlus,EE.UU.,290,61000,427000,1840000,5520000,22080000
AgriSolutionsPlus,India,250,53000,371000,1600000,4800000,19200000
RetailTechPlus,China,860,105000,735000,3150000,9450000,37800000
HealthInnovatePlus,Australia,340,67000,469000,2030000,6090000,24360000
NextGen HealthPlus,Reino Unido,380,71000,497000,2130000,6390000,25560000
EcoSolutionsPlus,España,230,53000,371000,1600000,4800000,19200000
TechMastersPlus,Francia,310,62000,434000,1860000,5580000,22320000
FoodInnovatePlus,Italia,240,55000,385000,1650000,4950000,19800000
GreenTechPlus,Canadá,270,57000,399000,1710000,5130000,20520000
LogiMastersPlus,Corea del Sur,500,83000,581000,2490000,7470000,29880000
AutoInnovatePlus, Japón,650,105000,735000,3150000,9450000,37800000
HealthGlobalPlus,EE.UU.,320,63000,441000,1890000,5670000,22680000
RetailInnovatePlus,India,360,69000,483000,2070000,6210000,24840000
TechPlusGlobal,China,750,100000,700000,3000000,9000000,36000000
AgriGlobalPlus,Australia,280,58000,406000,1750000,5250000,21000000
FoodGlobalPlus,Reino Unido,250,56000,392000,1680000,5040000,20160000
GreenInnovatePlus,España,260,57000,399000,1710000,5130000,20520000
LogiGlobalPlus,Francia,330,66000,462000,1980000,5940000,23760000
AutoGlobalPlus,Italia,400,89000,623000,2670000,8010000,32040000
HealthMastersPlus,Canadá,300,62000,434000,1860000,5580000,22320000
RetailGlobalPlus,Corea del Sur,530,86000,602000,2580000,7740000,30960000
TechInnovatorsPlus, Japón,670,107000,749000,3210000,9630000,38520000
EcoMastersPlus,EE.UU.,310,63000,441000,1890000,5670000,22680000
FoodTechPlusGlobal,India,270,57000,399000,1710000,5130000,20520000
GreenLifePlusGlobal,China,790,103000,721000,3090000,9270000,37080000
LogiPlusTechGlobal,Australia,340,67000,469000,2030000,6090000,24360000
AutoSavvyPlusGlobal,Reino Unido,380,71000,497000,2130000,6390000,25560000
HealthTechPlusGlobal,España,250,56000,392000,1680000,5040000,20160000
RetailWorldPlusGlobal,Francia,320,63000,441000,1890000,5670000,22680000
AgriMastersPlusGlobal,Italia,290,60000,420000,1800000,5400000,21600000
FoodSavvyPlusGlobal,Canadá,280,58000,406000,1750000,5250000,21000000
GreenMastersPlusGlobal,Corea del Sur,540,87000,609000,2610000,7830000,31320000
TechFuture,EE.UU.,300,62000,434000,1860000,5580000,22320000
AgriFuture,India,260,54000,378000,1620000,4860000,19440000
RetailFuture,China,880,106000,742000,3180000,9540000,38160000
HealthFuture,Australia,350,68000,476000,2040000,6120000,24480000
NextGen Future,Reino Unido,390,72000,504000,2160000,6480000,25920000
EcoFuture,España,240,55000,385000,1650000,4950000,19800000
TechFuturePlus,Francia,320,63000,441000,1890000,5670000,22680000
FoodFuture,Italia,250,56000,392000,1680000,5040000,20160000
GreenFuture,Canadá,280,58000,406000,1750000,5250000,21000000
LogiFuture,Corea del Sur,510,84000,588000,2520000,7560000,30240000
AutoFuture, Japón,670,107000,749000,3210000,9630000,38520000
HealthFuturePlus,EE.UU.,320,63000,441000,1890000,5670000,22680000
RetailFuturePlus,India,370,70000,490000,2100000,6300000,25200000
TechFutureGlobal,China,760,101000,707000,3030000,9090000,36360000
AgriFutureGlobal,Australia,290,60000,420000,1800000,5400000,21600000
FoodFutureGlobal,Reino Unido,260,57000,399000,1710000,5130000,20520000
GreenFutureGlobal,España,270,58000,406000,1750000,5250000,21000000
LogiFutureGlobal,Francia,340,67000,469000,2030000,6090000,24360000
AutoFutureGlobal,Italia,410,90000,630000,2700000,8100000,32400000
HealthFutureMasters,Canadá,310,62000,434000,1860000,5580000,22320000
RetailFutureMasters,Corea del Sur,540,87000,609000,2610000,7830000,31320000
TechFutureInnovators, Japón,680,108000,756000,3240000,9720000,38880000
EcoFutureMasters,EE.UU.,320,63000,441000,1890000,5670000,22680000
FoodFutureTech,India,280,58000,406000,1750000,5250000,21000000
GreenFutureLife,China,800,104000,728000,3120000,9360000,37440000
LogiFuturePlusTech,Australia,350,68000,476000,2040000,6120000,24480000
AutoFutureSavvy,Reino Unido,390,72000,504000,2160000,6480000,25920000
HealthFutureTech,España,260,57000,399000,1710000,5130000,20520000
RetailFutureWorld,Francia,330,64000,448000,1920000,5760000,23040000
AgriFutureMasters,Italia,300,62000,434000,1860000,5580000,22320000
FoodFutureSavvy,Canadá,290,60000,420000,1800000,5400000,21600000
GreenFutureMasters,Corea del Sur,550,88000,616000,2640000,7920000,31680000
TechFutureCorp,EE.UU.,310,63000,441000,1890000,5670000,22680000
AgriFutureSolutions,India,270,57000,399000,1710000,5130000,20520000
RetailFutureTechPlus,China,890,107000,749000,3210000,9630000,38520000
HealthFutureInnovate,Australia,360,69000,483000,2070000,6210000,24840000
NextGen FutureHealth,Reino Unido,400,74000,518000,2220000,6660000,26640000
EcoFutureSolutions,España,250,56000,392000,1680000,5040000,20160000
TechFutureMasters,Francia,330,64000,448000,1920000,5760000,23040000
FoodFutureInnovate,Italia,260,57000,399000,1710000,5130000,20520000
GreenFutureTechPlus,Canadá,280,58000,406000,1750000,5250000,21000000
LogiFutureMastersPlus,Corea del Sur,520,85000,595000,2550000,7650000,30600000
AutoFutureInnovate, Japón,680,108000,756000,3240000,9720000,38880000
HealthFutureGlobal,EE.UU.,330,64000,448000,1920000,5760000,23040000
RetailFutureInnovate,India,380,71000,497000,2130000,6390000,25560000
TechFuturePlusGlobal,China,770,102000,714000,3060000,9180000,36720000
AgriFutureGlobalPlus,Australia,300,62000,434000,1860000,5580000,22320000
FoodFutureGlobalPlus,Reino Unido,270,58000,406000,1750000,5250000,21000000
GreenFutureInnovate,España,280,59000,413000,1770000,5310000,21240000
LogiFutureGlobalPlus,Francia,350,68000,476000,2040000,6120000,24480000
AutoFutureGlobalPlus,Italia,420,91000,637000,2730000,8190000,32760000
HealthFutureMastersPlus,Canadá,320,63000,441000,1890000,5670000,22680000
RetailFutureMastersPlus,Corea del Sur,550,88000,616000,2640000,7920000,31680000
TechFutureInnovatorsPlus, Japón,690,109000,763000,3270000,9810000,39240000
EcoFutureMastersPlus,EE.UU.,330,64000,448000,1920000,5760000,23040000
FoodFutureTechPlus,India,290,60000,420000,1800000,5400000,21600000
GreenFutureLifePlus,China,810,105000,735000,3150000,9450000,37800000
LogiFuturePlusTechGlobal,Australia,360,69000,483000,2070000,6210000,24840000
AutoFutureSavvyPlusGlobal,Reino Unido,400,74000,518000,2220000,6660000,26640000
HealthFutureTechPlusGlobal,España,270,58000,406000,1750000,5250000,21000000
RetailFutureWorldPlusGlobal,Francia,340,65000,455000,1950000,5850000,23400000
AgriFutureMastersPlusGlobal,Italia,310,63000,441000,1890000,5670000,22680000
FoodFutureSavvyPlusGlobal,Canadá,300,62000,434000,1860000,5580000,22320000
GreenFutureMastersPlusGlobal,Corea del Sur,560,89000,623000,2670000,8010000,32040000


